{
    "n_clusters": 5,
    "inertia": 65.56840815571678,
    "silhouette_score": 0.5546571631111091,
    "cluster_sizes": {
        "0": 81,
        "1": 39,
        "2": 22,
        "3": 35,
        "4": 23
    },
    "centroids": [
        [
            -0.20091256569971444,
            -0.026456174707117572
        ],
        [
            0.9915830476839198,
            1.2395027537948333
        ],
        [
            -1.329545316496027,
            1.1321778796599242
        ],
        [
            1.0550030223077878,
            -1.2844390658272282
        ],
        [
            -1.3075186893850437,
            -1.1369653606646666
        ]
    ]
}